PLAYER_NAME,DRAFT_YEAR,HEIGHT_WO_SHOES_FT_IN,PHYSICAL_SCORE_FINAL,SHOOTING_SCORE,PLAYMAKING_SCORE,DEFENSE_SCORE
ron baker,2016,6' 3.25'',54.63,53.48310646849081,55.753621802076026,48.93411503076332
deandre bembry,2016,6' 4.25'',52.24,34.32913454030967,59.63144593924663,46.220161192629696
ben bentil,2016,6' 7.25'',61.4,49.157051450370346,28.354069555135453,44.785809196928575
jaron blossomgame,2016,6' 6.25'',54.25,61.565229238287856,33.0498682393365,45.71933840772171
joel bolomboy,2016,6' 7.5'',60.93,44.708748003217536,28.709478428088264,49.87488302300455
malcolm brogdon,2016,6' 3.75'',56.49,63.961934562337845,53.98991552570875,31.032500179698346
marquese chriss,2016,6' 8.75'',54.87,43.17110011198568,27.88115508156019,66.99599894569013
isaiah cousins,2016,6' 3.25'',44.87,52.86991065394229,59.58604510926591,40.82343479762915
cheick diallo,2016,6' 7.5'',66.33,22.79206077516456,20.0,79.24580440148038
perry ellis,2016,6' 7'',50.14,57.96434490001037,33.204743449896945,32.74017399812138
dorian finney-smith,2016,6' 6.5'',57.87,52.7122013801539,40.80478186968055,44.3948915433031
michael gbinije,2016,6' 5.5'',44.87,51.65265936485636,53.80268576370735,45.19655216039919
daniel hamilton,2016,6' 6.25'',49.38,53.413705765100566,61.98045527875336,41.47283703657656
josh hart,2016,6' 4'',51.09,50.5909508321977,39.772454964760925,40.684882957910986
nigel hayes,2016,6' 6.25'',64.63,,,
brice johnson,2016,6' 9'',55.11,34.43129018515018,35.40447888202205,66.17834038981748
damian jones,2016,6' 10.25'',62.93,21.976181531994012,31.71516800669515,52.154490750162765
jake layman,2016,6' 8'',46.02,59.91562816537259,29.363623745156783,50.06288375602482
patrick mccaw,2016,6' 5.25'',52.92,54.61065613366748,56.69413539376174,58.843353994044655
malik newman,2016,6' 2.25'',45.14,52.59099178445699,43.96472658482695,23.48313501926256
georges niang,2016,6' 6.75'',51.92,57.68827116918222,48.94276631741612,38.81669209424868
chinanu onuaku,2016,6' 9'',61.47,24.138261526395944,36.99842674021885,74.19446620066071
marcus paige,2016,6' 0.5'',48.44,54.30883421046586,62.20887498555855,37.96293102516562
taurean prince,2016,6' 6.5'',55.41,52.98512339779252,40.11297543186632,49.26605185241056
malachi richardson,2016,6' 4.75'',59.34,50.32195657213495,38.94175128428967,35.393441224468894
pascal siakam,2016,6' 8.25'',64.64,28.782924158504848,34.52162441923593,65.53671025356422
diamond stone,2016,6' 9'',60.91,33.24782301766258,23.943877276504224,62.84180711730342
melo trimble,2016,6' 1.25'',32.4,53.2299201282084,61.0597649068086,37.58000951617292
tyler ulis,2016,5' 8.75'',34.28,54.90513184473588,70.93695652173912,35.98826941050809
jarrod uthoff,2016,6' 8.5'',52.62,58.746531212054784,32.04128579214312,72.20430890753919
denzel valentine,2016,6' 4'',57.26,70.57431709615288,73.6690909090909,35.111187266306885
isaiah whitehead,2016,6' 3.25'',52.35,54.88011465916669,59.4691392722729,55.28466276531544
kyle wiltjer,2016,6' 8.75'',53.67,67.94888758469254,31.85939578670377,34.03914275214952
edrice adebayo,2017,6' 8.75'',62.63,27.43807510454167,26.71863495350336,54.42053200366611
rawle alkins,2017,6' 2.5'',54.08,50.703325809903134,43.12982247386111,41.03650962826295
jarrett allen,2017,6' 9'',68.61,23.11841247243277,25.90760485256528,50.3440166401738
kadeem allen,2017,6' 1'',55.64,55.43295421365541,51.54224151637697,52.0683740075098
ike anigbogu,2017,6' 8.5'',70.44,21.935387569835484,23.43236046648597,71.61616044044789
jamel artis,2017,6' 5.5'',55.01,55.728029908991566,48.290411426233646,25.457260929857306
dwayne bacon,2017,6' 4.75'',55.38,49.48457436391767,36.78936542598353,34.51576271958083
v.j. beachem,2017,6' 6.25'',53.05,58.41759749669802,28.620695812392327,44.29844087598936
jordan bell,2017,6' 7'',56.9,30.02018528815097,38.62894153912188,75.80163030334741
jaron blossomgame,2017,6' 5.75'',54.25,,,
tony bradley,2017,6' 9.25'',68.52,25.609080391151757,32.65586994796668,50.18074026567832
isaiah briscoe,2017,6' 1.25'',55.86,33.174088909472985,58.45518545799644,32.42752921328518
dillon brooks,2017,6' 5'',41.73,57.41367357653522,50.572946439705305,46.83194577525551
thomas bryant,2017,6' 9.5'',70.24,49.26739910479355,33.68814338140244,58.27737175189407
john collins,2017,6' 8.25'',53.98,32.387119623126154,24.331771775023284,61.02293401150301
tyler dorsey,2017,6' 3'',42.84,60.85565845078,39.11142430777432,29.82285071380112
damyean dotson,2017,6' 4.5'',51.39,68.86964909499194,32.92348053931724,32.449925688843486
pj dozier,2017,6' 5.25'',55.79,35.765162234422675,48.59485969477573,50.85627535773202
jawun evans,2017,5' 10.75'',45.81,55.35027679034661,70.18756588068442,47.449354928414174
harry giles,2017,6' 9.25'',64.41,20.50759889428704,26.49052949594766,62.64789754287048
josh hart,2017,6' 3.75'',51.09,,,
nigel hayes,2017,6' 6.25'',64.63,33.52084520330194,48.3116090063683,35.15161973221626
isaiah hicks,2017,6' 7.25'',58.24,34.21611433651607,37.29577179251176,40.76551723826923
wesley iwundu,2017,6' 5.5'',61.49,51.13591868320541,53.40886068238439,37.16325662510145
peter jok,2017,6' 4.25'',49.61,65.93734103995236,44.10028056203028,35.59078230562523
kyle kuzma,2017,6' 8'',56.73,40.27977130221815,43.53746483035315,36.17820746166493
tj leaf,2017,6' 8.75'',51.61,54.32024200854785,47.67233463242064,46.36186582607122
tyler lydon,2017,6' 8.25'',55.41,58.5851457180684,40.23461629283405,50.56092753873298
kennedy meeks,2017,6' 8.75'',56.84,25.77046227762733,32.39346543173798,65.11711159592825
donovan mitchell,2017,6' 1.25'',56.28,56.19797309247318,49.05210610367413,56.03690263505612
monte morris,2017,6' 1.25'',40.34,55.31128658165291,70.65212464589236,40.80903355923334
semi ojeleye,2017,6' 5.25'',53.19,61.22638635788133,35.58463014326788,28.114079342926072
cameron oliver,2017,6' 7'',61.67,51.81369531796868,35.09747961901752,70.51799568202443
justin patton,2017,6' 10'',62.27,21.201096250982,32.437899657829874,63.052877332241735
ivan rabb,2017,6' 8.75'',59.19,27.97601472612694,31.97858290312256,44.87245163436887
davon reed,2017,6' 4.5'',59.91,61.78666522992392,41.96146183274149,40.80903355923335
devin robinson,2017,6' 7'',60.17,52.75127175736303,25.9792926116174,49.37007284067938
kobi simmons,2017,6' 3.25'',45.01,47.73428127978076,49.19559676023438,28.80715268144533
sindarius thornwell,2017,6' 3.5'',56.14,59.8308591504509,44.3112079878898,62.65861190727193
melo trimble,2017,6' 1.25'',32.4,,,
moritz wagner,2017,6' 10'',53.28,,,
derrick white,2017,6' 3.25'',49.19,58.79138161667607,59.11285739009398,54.91671816632979
nigel williams-goss,2017,6' 1.5'',51.41,56.82248633613053,62.78736664439801,43.65378450709175
omer yurtseven,2017,6' 10.5'',55.55,30.98847660700445,38.55030569697945,40.91172033385602
rawle alkins,2018,6' 2.75'',54.08,,,
grayson allen,2018,6' 3'',48.44,60.81806431573894,60.58377588490218,39.7826025899853
kostas antetokounmpo,2018,6' 9'',61.82,22.39362783837541,26.274578382915752,59.62427198211181
udoka azubuike,2018,6' 10'',71.28,,,
jaylen barford,2018,6' 1.25'',38.1,60.35741888557082,45.31915489137058,35.80907006375684
keita bates-diop,2018,6' 7.25'',64.11,54.54151697107819,34.779897219103425,55.600114466049725
tyus battle,2018,6' 5'',51.17,52.85039414520384,35.954211876639945,35.91082459182776
jalen brunson,2018,6' 1'',40.98,61.24201003969661,64.37545503988525,28.604793319850398
tony carr,2018,6' 3'',52.1,63.57275277060103,62.21493991984413,30.772736399851205
jevon carter,2018,6' 0.25'',43.09,61.897141811002015,69.05522725286129,63.35728849895209
donte divincenzo,2018,6' 3.5'',43.49,55.807983957882186,56.36543985963827,37.977156133002055
hamidou diallo,2018,6' 4.25'',58.65,38.97656898969937,34.423615209451754,39.66241347539892
trevon duval,2018,6' 1.5'',53.69,33.18778312992882,66.78967411876857,40.888504698000965
carsen edwards,2018,5' 10.75'',48.63,63.87544812047433,51.04620663222889,37.17057129057582
jacob evans,2018,6' 4.25'',53.72,53.18848440293223,52.82061682450666,53.107699924396535
bruno fernando,2018,6' 8.75'',66.75,32.11814981233352,27.63932664091115,54.035720772717085
melvin frazier,2018,6' 4.5'',63.84,50.00242177268007,44.62353214667792,58.171111164042046
devonte graham,2018,6' 0.25'',49.69,62.90874744370203,69.42997742178801,37.199279839165776
devon hall,2018,6' 4.25'',49.47,67.46277764565681,57.87874646790166,30.671210506571395
jaylen hands,2018,6' 1.5'',44.96,,,
kevin hervey,2018,6' 6.5'',66.06,54.5788802240167,38.28364580976117,45.68619450127753
aaron holiday,2018,5' 11.75'',52.46,65.16900489898467,59.44870126931022,34.4309294860185
kevin huerter,2018,6' 6.25'',43.6,59.6041078805906,49.5537874164105,34.30234298990605
alize johnson,2018,6' 7.25'',46.83,42.93758395765374,46.99503995576237,33.7800623561205
george king,2018,6' 4.75'',58.61,58.61709328167069,29.83856341106751,38.8848676183212
sagaba konate,2018,6' 6.5'',59.13,34.807847920259874,27.13260609056177,78.60807873763201
caleb martin,2018,6' 4.75'',53.75,59.046883293894666,46.65990489985524,44.36863521394549
cody martin,2018,6' 4.75'',54.83,36.54057368386302,61.63039437171432,61.12646244656934
yante maten,2018,6' 7.25'',59.57,48.85658295611351,32.052613838843826,46.6576852714369
brandon mccoy,2018,6' 11.5'',57.34,31.311240379955613,23.76184664164592,59.49916120629506
chimezie metu,2018,6' 8.5'',57.07,38.636892531166346,34.543135571873094,57.73891158069607
sviatoslav mykhailiuk,2018,6' 6.5'',36.14,66.37502864902295,47.16760871498239,36.57741914795464
malik newman,2018,6' 2.5'',45.14,,,
josh okogie,2018,6' 3'',60.57,56.75155011195368,40.50420646262109,54.62821164429181
theo pinson,2018,6' 5'',56.5,39.11955360436459,66.31660870741321,43.816091614278285
jontay porter,2018,6' 10'',53.71,51.71735981685755,46.08765967956313,68.7873002644065
landry shamet,2018,6' 4'',45.28,67.21186685972151,66.77233338517892,28.714691841344298
zhaire smith,2018,6' 2.75'',55.21,54.84846058257656,44.507099580829646,54.95809579209759
omari spellman,2018,6' 8'',61.37,57.21370973184537,28.932102796239832,57.40724392285454
khyri thomas,2018,6' 2.5'',57.8,59.8608778334466,48.96657638541052,45.38970718703746
allonzo trier,2018,6' 3.75'',46.31,61.26287451988293,49.84111154029807,27.460851283220578
moritz wagner,2018,6' 10.5'',53.28,52.84578768582245,27.563998253124467,44.7744540902094
lonnie walker,2018,6' 3.75'',56.02,50.82933631127971,45.099211451571335,39.69579886180353
pj washington,2018,6' 6.5'',64.5,24.909758883090905,35.18034116715333,45.90270361233492
kris wilkes,2018,6' 6.5'',54.26,46.22989698654669,40.58325978294657,37.61168846375078
kenrich williams,2018,6' 6'',44.97,50.48148884456948,56.21422532360121,49.62416616459421
charles bassey,2019,6' 8.75'',64.95,,,
jordan bone,2019,6' 1.5'',35.96,54.67004220627342,69.60510638297872,26.5832048715983
ky bowman,2019,6' 1'',50.52,54.95569502275753,50.25778617131058,41.70891322775305
ignas brazdeikis,2019,6' 5.75'',50.95,56.12538216852225,27.33631226695264,36.38733234920407
o'shae brissett,2019,6' 7'',57.15,35.13200116974256,36.41363227625064,44.31427209210922
moses brown,2019,7' 1.25'',62.77,20.0,20.0,72.10697002235597
brandon clarke,2019,6' 7.25'',44.66,29.643627553041277,42.41812752021487,78.73586827662379
nicolas claxton,2019,6' 10'',60.91,33.38480340229739,36.44943299683697,72.84471208407358
tyler cook,2019,6' 7.25'',59.67,26.953929445114927,40.73888556618765,36.79000979076152
terence davis,2019,6' 3'',54.71,55.26283760016038,51.44002655576347,51.87583649430257
luguentz dort,2019,6' 2.75'',52.44,43.31474100750252,38.99229722566558,42.32569244711648
devon dotson,2019,6' 0'',39.89,,,
carsen edwards,2019,5' 10.75'',48.63,,,
tacko fall,2019,7' 5.25'',78.83,20.0,24.642913484511464,73.15230290457474
bruno fernando,2019,6' 8.75'',66.75,,,
daniel gafford,2019,6' 9.25'',61.29,24.219849450713,25.72389170649391,68.86641446069669
quentin grimes,2019,6' 4'',50.29,,,
kyle guy,2019,6' 0.75'',42.06,66.58496202234706,42.58635245541304,26.27197350044856
jaylen hands,2019,6' 1.5'',44.96,55.914971439504185,66.44976858888619,39.00878364163303
jaxson hayes,2019,6' 10.25'',63.62,32.11814981233352,20.0,73.08465675452571
talen horton-tucker,2019,6' 2.5'',63.39,39.44099020371702,46.575295400883,53.04258401513178
ty jerome,2019,6' 4.25'',35.49,56.094137596904616,68.40028318244839,37.16972575636666
mfiondu kabengele,2019,6' 8.75'',64.29,50.14440044673479,23.019818788000016,66.77338119756944
louis king,2019,6' 6.75'',56.67,57.35333802654239,31.02794779699211,34.15404215062702
dedric lawson,2019,6' 7'',64.14,55.85129985980179,33.96690050041357,55.62646121371957
nassir little,2019,6' 4.5'',62.5,39.93423798160911,29.775901631605144,44.99266338906599
terance mann,2019,6' 4.75'',48.77,53.35911798618521,45.69733104794772,32.25711611264117
cody martin,2019,6' 4.75'',54.83,,,
charles matthews,2019,6' 5'',52.52,36.46827162887861,33.07797450632112,41.134143898895466
jalen mcdaniels,2019,6' 8.25'',56.51,42.36320607498682,38.86258425798412,43.58628390012486
jaylen nowell,2019,6' 3.25'',47.4,60.37172102875014,45.44222960850194,38.87960984704485
miye oni,2019,6' 4.25'',57.17,56.14329969328582,52.97321231532276,52.17729242225075
eric paschall,2019,6' 6'',57.84,50.297485421150434,37.3451701150924,32.44100323582654
reggie perry,2019,6' 8'',57.76,,,
shamorie ponds,2019,5' 11.5'',40.44,56.20418491490352,64.44240989705048,56.46070892937931
jordan poole,2019,6' 3.5'',46.02,58.13807860184527,43.78170454302881,34.03098686967989
neemias queta,2019,6' 10.75'',65.36,,,
naz reid,2019,6' 8.75'',64.36,44.68870798924064,28.010037382373323,43.45750372373228
isaiah roby,2019,6' 7.25'',60.33,41.2718693042812,38.33149172268882,67.94299156847399
admiral schofield,2019,6' 4'',54.93,56.083878992794176,39.74044082362073,38.326668643999
marial shayok,2019,6' 4.5'',60.17,62.82869355661272,35.883194213086334,32.1644922403362
simisola shittu,2019,6' 8.5'',57.76,23.60794001833509,36.56088440095776,39.89649511856795
tremont waters,2019,5' 9.5'',36.68,51.70377497773735,63.59960314153773,60.93999945725362
quinndary weatherspoon,2019,6' 3'',53.46,58.1275817865163,42.902260996323136,44.81557036972631
kris wilkes,2019,6' 6.25'',54.26,,,
grant williams,2019,6' 5.75'',53.81,46.34516650881466,50.61179807631673,58.10670090538972
dylan windler,2019,6' 6.25'',52.41,67.79066926424453,43.38182151697799,49.02934460510366
ty-shon alexander,2020,6'2.00'',52.53,64.15009131382105,45.15293502845671,38.48958695504978
udoka azubuike,2020,6'10.00'',71.28,20.0,27.86523219090942,74.09896209386284
tyler bey,2020,6'6.00'',60.95,52.48527757607819,33.21597450905832,65.38379865723192
yoeli childs,2020,6'6.00'',58.03,50.09854349570648,38.72787477114253,46.41847511079412
mamadi diakite,2020,6'8.50'',65.16,47.923052562153856,24.230097913372465,48.739245289163975
devon dotson,2020,6'0.50'',39.89,48.84602103507985,55.01350125642785,46.56047769971375
cj elleby,2020,6'5.50'',45.39,55.24301249026174,36.5092134490328,56.22445160031051
trent forrest,2020,6'3.50'',50.59,42.93052767567308,54.45008896232814,56.07086516017184
josh green,2020,6'4.50'',52.99,50.86897785611615,48.66519146212084,46.363300572957606
ashton hagans,2020,6'1.50'',53.41,40.55744468306666,66.12295682319623,46.77288938070138
markus howard,2020,5'9.50'',29.04,67.84957048423345,46.44922871550557,28.149055901778723
mason jones,2020,6'3.75'',47.72,56.27065574594803,47.4735990616772,42.365839249533686
nathan knight,2020,6'8.00'',62.23,44.34989014536963,35.395045384881044,58.37260318221098
naji marshall,2020,6'5.75'',60.73,40.73273284740659,50.73056432513277,39.85882944576561
skylar mays,2020,6'3.00'',45.14,60.4627704304,48.61424711128521,44.60230711180693
zeke nnaji,2020,6'9.25'',59.71,33.19402905550406,26.31515395237027,44.073117664559824
jordan nwora,2020,6'5.75'',53.9,61.74173604707212,30.182229297467927,32.09725145512888
reggie perry,2020,6'8.25'',57.76,44.81775644746337,39.18448527826949,51.07816307345486
immanuel quickley,2020,6'2.00'',52.03,69.65888515877963,39.73053278510381,30.174465571094057
nick richards,2020,6'10.50'',58.81,32.76367735823584,20.0,55.00308598088711
grant riller,2020,6'0.25'',45.85,55.32924000059011,52.00235394082279,44.010743829025735
cassius stanley,2020,6'5.00'',44.15,49.28005501402426,29.267925306980533,41.66233327985114
lamar stevens,2020,6'5.75'',49.82,37.63219252265793,39.53401799850102,54.03771431206642
tyrell terry,2020,6'1.50'',30.92,65.63965883155302,48.381893264546825,38.327189723922594
killian tillie,2020,6'8.75'',42.63,55.52518385013069,49.450391030577066,53.2928691902219
kaleb wesson,2020,6'9.25'',65.18,57.27049117882277,36.846619996891775,47.51851493796501
kahlil whitney,2020,6'5.50'',60.76,24.231415821239768,27.92766302141996,34.71178325120176
cassius winston,2020,6'0.50'',48.54,67.07531196892205,65.16288812573212,32.46118266857708
max abmas,2021,5'10.5'',33.92,70.75043787343866,52.68079499482582,37.3301291962968
ochai agbaji,2021,6'4.5'',56.19,52.57238654626854,40.84208512274274,38.541070920134594
marcus bagley,2021,6'6.0'',54.8,50.615790033296655,33.42037725068619,37.22720410092612
scottie barnes,2021,6'7.0'',65.05,32.054832049601885,61.98323335292063,56.29192312654479
charles bassey,2021,6'9.25'',64.95,41.93441959442282,25.462016325234124,74.79144736842106
justin champagnie,2021,6'5.75'',51.65,42.16945258001108,36.1583440862201,55.27368689842223
julian champagnie,2021,6'6.5'',53.51,,,
josh christopher,2021,6'3.25'',53.98,47.1576304686519,33.731035626899136,49.500447998407374
ayo dosunmu,2021,6'3.5'',56.14,53.9481082119907,59.6827050283819,34.55891758754244
kessler edwards,2021,6'7.0'',54.48,60.374424819239046,29.36590158422378,49.0550785993943
luka garza,2021,6'10.0'',57.06,57.11378600125474,38.49919700662384,54.57772344380666
raiquan gray,2021,6'6.5'',54.89,37.99631740400847,43.56757014951689,53.57282180166124
quentin grimes,2021,6'4.0'',50.29,62.50368392457101,39.81557767181673,41.93963673874576
sam hauser,2021,6'6.75'',48.23,68.00572890410862,43.505139846382335,30.973705698193942
aaron henry,2021,6'4.5'',56.81,42.38123728353175,51.0472873068604,56.17127963978699
nah'shon hyland,2021,6'2.0'',55.88,62.63248440841974,36.383729045690096,48.53248204014304
carlik jones,2021,6'0.0'',46.33,47.2972481675489,59.06940873398791,35.14621111345143
johnny juzang,2021,6'5.5'',56.26,59.18587708547747,36.35850199026508,32.067654580724145
corey kispert,2021,6'6.0'',44.19,70.58592273235324,41.10756019649933,36.08842144815061
aj lawson,2021,6'5.5'',42.91,44.93284890550963,64.17929723352114,33.12699001454447
scottie lewis,2021,6'4.0'',59.8,39.67487666368806,35.998737809402705,65.67132951724744
makur maker,2021,6'10.25'',58.45,42.82235042923711,39.36104384234211,38.22019914806258
sandro mamukelashvili,2021,6'9.0'',57.97,46.32030246046728,44.49269328786991,40.61831000147609
miles mcbride,2021,6'1.0'',55.75,60.185377404282434,64.25424615949049,47.14919758877498
isaiah mobley,2021,6'8.0'',64.2,44.88036562040841,40.80788166936379,40.8307837545764
yves pons,2021,6'5.5'',60.65,41.748576300061984,26.825025370163665,60.33381134508959
jason preston,2021,6'3.0'',52.56,45.929029930162486,70.27333408049665,42.733077826461184
joshua primo,2021,6'4.0'',54.57,55.01530175183374,29.15689950809955,35.5283232496773
neemias queta,2021,6'11.25'',65.36,30.342949061102125,45.86643044638916,79.30810529325635
austin reaves,2021,6'4.5'',42.78,50.543577569049134,56.59918742205792,33.04273881249728
jeremiah robinson-earl,2021,6'7.75'',50.02,38.61059588193244,42.4968600092527,40.53661326948317
jericho sims,2021,6'9.0'',62.98,21.323478137457577,27.116057001094678,55.13785500806872
jaden springer,2021,6'3.0'',50.5,60.05029966784798,50.97458417722643,46.25210988792439
dj steward,2021,6'0.75'',51.26,53.697939318560906,43.99432354032911,42.76179040239307
jt thor,2021,6'8.5'',64.82,42.48547925098305,30.000455303234176,64.9365600428087
trendon watford,2021,6'7.5'',62.62,36.91483476824461,44.523807397225326,41.324177832570015
joe wieskamp,2021,6'5.75'',55.54,60.16657597590604,40.03569683155696,37.397822174541446
aaron wiggins,2021,6'4.5'',54.05,52.74861454911134,43.95111183576892,40.28374518636486
ziaire williams,2021,6'8.25'',50.22,46.122905642143536,39.78704008526656,42.75220189675743
moses wright,2021,6'7.75'',58.82,47.36448879700665,43.280538803544815,61.14414463996384
marcus zegarowski,2021,6'0.75'',36.92,62.86526752622631,59.78065362783482,35.550160929092975
ochai agbaji,2022,6' 4.50'',56.19,,,
malaki branham,2022,6' 4.00'',55.73,60.78306043131813,41.68716566921092,31.83069671937829
christian braun,2022,6' 5.50'',41.2,51.72775899036391,46.30413023988338,42.47444281574168
kendall brown,2022,6' 6.25'',55.11,41.24093159306912,41.79046056381964,42.09500148341828
julian champagnie,2022,6' 6.25'',53.51,51.899450695447605,41.08143079686867,61.944999378708935
max christie,2022,6' 4.25'',50.94,49.18999873853416,36.15622562316875,31.01520362296108
kofi cockburn,2022,6' 11.00'',64.67,27.545663028858726,26.27412585079589,48.58824692024061
jd davison,2022,6' 0.50'',51.04,41.46047116258675,60.9164725746345,43.40105960667181
moussa diabate,2022,6' 9.25'',61.81,25.609080391151757,28.22715873817076,41.354627278011634
keon ellis,2022,6' 3.50'',51.79,61.02378803797544,39.36932328990655,57.09913230598861
collin gillespie,2022,6' 1.50'',40.48,69.44034104563983,52.65152221520947,29.334208546195068
harrison ingram,2022,6' 5.25'',60.19,39.986075926252205,48.62297194651661,36.01441252854234
johnny juzang,2022,6' 5.25'',56.26,,,
trevor keels,2022,6' 3.25'',48.66,42.08249242225281,53.07818228554727,36.35019227603377
christian koloko,2022,6' 10.75'',67.68,31.849180001540883,36.262596356428325,78.38732754629987
jake laravia,2022,6' 6.75'',50.6,51.78288276537695,51.550151102792746,56.02488633287117
justin lewis,2022,6' 6.25'',64.29,51.53158704871953,35.92821749475186,43.76597316396122
e.j. liddell,2022,6' 5.50'',57.58,52.81231735507566,42.19208529308226,65.69205010684678
matthew mayer,2022,6' 8.00'',51.88,45.79638878183568,34.98237281009971,60.95682026284916
bryce mcgowens,2022,6' 5.25'',50.89,46.462177101256,30.9766867566612,30.576120127345693
aminu mohammed,2022,6' 3.50'',58.99,40.16984979561384,35.78046343639376,51.79988350462583
iverson molinar,2022,6' 2.25'',52.73,44.69712437024727,52.051327832622434,37.90624109397333
andrew nembhard,2022,6' 3.00'',44.11,60.73616311914961,70.02562929061784,41.153979254099646
orlando robinson,2022,6' 9.75'',65.07,46.145736463426594,45.60381343006618,50.72745577995717
david roddy,2022,6' 4.50'',59.62,56.02656665208437,46.573271060696136,52.103650115357496
ryan rollins,2022,6' 2.00'',55.47,48.20141083013168,54.06655069554398,46.84502574808955
dereon seabron,2022,6' 4.75'',51.52,34.05364786828988,47.40629924078394,37.94646674291088
terquavion smith,2022,6' 2.25'',47.25,53.65875113673782,41.92991810266948,43.71468190105796
julian strawther,2022,6' 5.75'',51.28,50.93072326683926,35.394006459812275,29.444028437219533
drew timme,2022,6' 8.25'',61.65,34.4763146176975,47.87294471941216,36.88153136706856
jabari walker,2022,6' 6.75'',54.43,50.45472674623303,30.761238685606827,43.92790734671928
peyton watson,2022,6' 6.75'',59.3,33.19968132656375,38.05158282142966,64.55214090505594
blake wesley,2022,6' 3.00'',54.71,40.70219404463928,43.9385211908738,39.003015254362026
trevion williams,2022,6' 7.25'',64.8,24.46461322366416,58.01672063907557,56.93160128676086
jaylin williams,2022,6' 8.75'',58.41,46.42334712382655,36.938667263881314,41.57827185071735
alondes williams,2022,6' 3.75'',47.78,38.47892227653151,58.6024178717916,39.71497666166241
trey alexander,2023,6' 3.25'',57.79,61.408402993100566,48.88759412490178,40.132325748050434
amari bailey,2023,6' 3.25'',48.63,48.38475868790121,42.21948315433945,41.44089304135022
emoni bates,2023,6' 8.25'',44.9,52.4942176816844,30.54909908919546,33.63495587614332
reece beekman,2023,6' 1.50'',50.41,49.32720901600711,68.33520713613333,49.8885495716564
anthony black,2023,6' 5.75'',45.45,38.92505249475928,51.67612030958949,54.34772985565506
kobe brown,2023,6' 6.50'',60.31,63.37691839024932,48.23038919037256,48.98898888049384
kobe bufkin,2023,6' 4.25'',48.64,55.001410631049495,48.11190734907929,44.705627619533445
toumani camara,2023,6' 7.00'',59.61,44.63156238529771,35.83684399886294,51.55975059307632
gradey dick,2023,6' 6.25'',47.41,63.86456222013907,39.41303496181289,41.68685631673643
zach edey,2023,7' 3.25'',75.11,,,
adam flagler,2023,6' 1.00'',42.76,60.17820305024307,63.77339633631861,33.25241318177753
coleman hawkins,2023,6' 8.50'',55.95,34.36780405720974,46.93832429018936,51.90150387508583
taylor hendricks,2023,6' 8.25'',57.91,56.92239037325478,34.130448981770975,54.15385786238991
trayce jackson-davis,2023,6' 8.25'',59.09,29.697421515199803,54.668729406631215,71.53741508703621
colby jones,2023,6' 4.50'',48.85,46.60450055355364,59.07949440095008,43.87654981063438
ryan kalkbrenner,2023,7' 0.75'',66.45,,,
arthur kaluma,2023,6' 6.25'',59.06,43.97744769922558,34.782426702897844,35.20989066688388
maxwell lewis,2023,6' 6.25'',58.14,51.88973399212335,42.940775144113445,41.64213366669591
chris livingston,2023,6' 6.00'',56.09,40.26920350215168,29.34850397269197,34.03914275214952
seth lundy,2023,6' 4.00'',56.3,61.69951733533036,31.232055746976243,38.52619537639808
judah mintz,2023,6' 3.00'',35.96,41.01220417685752,60.227724814473376,42.44857221434501
dillon mitchell,2023,6' 6.75'',51.66,20.0,26.32532826581072,42.65407195364509
omari moore,2023,6' 5.25'',54.29,49.81232046108088,58.84147647406158,34.278648415531215
kris murray,2023,6' 7.75'',55.03,49.34124904947488,40.841389477962174,48.595521156005766
grant nelson,2023,6' 10.00'',53.35,38.19452472403174,38.21762185685043,59.33813024274115
julian phillips,2023,6' 6.75'',54.83,40.08905478831325,38.95196966150062,39.205399222269634
jalen pickett,2023,6' 2.00'',49.4,52.12670978875178,69.75374198146827,35.59781728030934
brandin podziemski,2023,6' 3.75'',41.53,62.82275918619556,52.34854914141134,49.36457911552772
olivier-maxence prosper,2023,6' 6.75'',59.48,46.86109796809138,26.183238725030616,32.870079120623
adama sanogo,2023,6' 7.25'',65.25,48.39026263708176,32.72288661707768,46.53909965722552
marcus sasser,2023,6' 1.25'',51.48,62.85130872397069,54.54176856174247,43.73768885225822
ben sheppard,2023,6' 5.25'',46.64,55.93036654929207,46.24490134466953,38.82527767398442
jalen slawson,2023,6' 6.50'',57.56,54.66695400335997,49.62513936411388,66.19016588239693
terquavion smith,2023,6' 2.50'',47.25,,,
julian strawther,2023,6' 6.00'',51.28,,,
drew timme,2023,6' 8.75'',61.65,,,
oscar tshiebwe,2023,6' 7.25'',66.52,31.526416228589724,33.57482950944923,58.557172948807136
azuolas tubelis,2023,6' 8.75'',52.87,41.515082019717376,38.114079036279634,48.37705785477623
jarace walker,2023,6' 6.50'',63.68,43.60095557356924,41.39432287808842,59.242883513233565
cason wallace,2023,6' 2.50'',53.42,49.54619629218626,60.56881414331456,53.90375604276856
jordan walsh,2023,6' 5.75'',62.48,37.85431928084359,32.13193339246093,48.63606183613744
cam whitmore,2023,6' 5.75'',47.79,47.32078138936625,26.40558391387243,47.60546577116732
jalen wilson,2023,6' 5.50'',46.17,52.1376477819093,38.66281146911634,36.85742027660869
isaiah wong,2023,6' 2.50'',47.77,59.07631039419273,50.24360300417912,42.1420663098896
michael ajayi,2024,6' 5.75'',61.87,57.11415261533831,37.044198201530335,38.21144222383455
trey alexander,2024,6' 3.25'',57.79,,,
reece beekman,2024,6' 1.25'',50.41,,,
adem bona,2024,6' 8.25'',65.96,29.75121547735833,31.278053036694438,70.7247147526128
trevon brazile,2024,6' 9.25'',64.77,45.87935198245744,24.63553451116073,54.169095015325134
jalen bridges,2024,6' 6.75'',52.73,62.62182018792335,38.25418250568161,42.96268556901846
carlton carrington,2024,6' 3.75'',49.62,50.404428497837024,59.63041735862899,27.581480247074666
stephon castle,2024,6' 5.50'',50.23,39.1098967051484,55.891485106326186,40.08185259273421
cam christie,2024,6' 4.50'',48.01,58.94585824438093,48.06890008886284,29.827251532266416
nique clifford,2024,6' 5.00'',47.68,51.95159501363608,52.04093699763966,55.56733725237497
donovan clingan,2024,7' 1.75'',68.21,23.89349775344478,47.08755905781652,77.99273654577911
isaiah collier,2024,6' 2.50'',41.26,42.8654950951115,56.17439778896739,42.94690310765547
n'faly dante,2024,6' 10.00'',69.3,25.28631661820059,33.09850503066276,73.29303145568284
ryan dunn,2024,6' 6.25'',61.42,23.46542084686089,31.401707429246272,76.02472780483853
zach edey,2024,7' 3.75'',75.11,30.558124909736232,37.72681125894867,58.77883192605351
jesse edwards,2024,6' 11.50'',65.5,21.445860023933164,31.00956080501916,59.04277460028482
boogie ellis,2024,6' 0.75'',51.92,59.5087108184778,50.10543644718397,37.07425743439557
kyle filipowski,2024,6' 10.75'',46.54,44.14685393665136,47.96290103566336,60.8509910723539
enrique freeman,2024,6' 7.25'',62.8,46.801617842939336,32.65038531948878,58.26214242434784
johnny furphy,2024,6' 7.50'',43.88,51.89047221217477,36.40752621694888,41.46079424502774
kyshawn george,2024,6' 7.00'',53.05,60.371160943113615,49.75477622218838,43.50468030616566
pj hall,2024,6' 8.25'',59.06,48.20359898559753,33.042255719166086,55.12819757131516
coleman hawkins,2024,6' 8.25'',55.95,,,
oso ighodaro,2024,6' 9.50'',50.24,25.82425623978586,49.59547984879627,53.80400009236538
harrison ingram,2024,6' 5.25'',60.19,,,
bronny james,2024,6' 1.50'',51.17,36.49300972771035,55.98435543054029,41.395178477459055
keshad johnson,2024,6' 6.25'',54.13,50.42070714190794,40.79469582124497,47.62972988892248
dillon jones,2024,6' 4.50'',56.95,50.95642925349007,59.21908617554739,46.13617330127105
alex karaban,2024,6' 6.50'',55.66,62.80372859714571,42.92625210446226,42.89700010052523
dalton knecht,2024,6' 5.25'',51.34,59.72512962378429,38.95711605871949,36.9540555506872
tyler kolek,2024,6' 1.25'',35.62,59.53721121575621,72.93803390561975,42.84170555922295
pelle larsson,2024,6' 5.25'',47.23,57.62483917295553,58.4348799060607,33.50097468343649
jared mccain,2024,6' 2.00'',38.08,67.27004210804779,42.44350137461953,34.63618321523616
yves missi,2024,6' 10.75'',58.47,25.44769850467617,24.232182238889877,63.44508087373156
ajay mitchell,2024,6' 3.25'',45.76,59.12930646968973,55.740829207048606,40.54080207245778
jonathan mogbo,2024,6' 6.25'',63.15,29.53603962872422,59.08852553540728,61.01529275829513
tristen newton,2024,6' 3.25'',47.2,50.94489607161624,68.84019453574041,34.46805376254315
quinten post,2024,7' 0.00'',58.05,62.21277944126752,46.33230089808089,58.4582419875111
antonio reeves,2024,6' 4.50'',50.46,69.8044527648778,39.36774263487862,29.465249364384736
jaxson robinson,2024,6' 4.75'',58.14,63.80958227040359,34.741417280960015,35.31754396304638
hunter sallis,2024,6' 3.50'',55.26,,,
payton sandfort,2024,6' 6.25'',46.35,66.34665224900976,52.89821741504264,34.75698028259128
baylor scheierman,2024,6' 6.25'',47.83,64.00239943132405,54.314961921703016,30.78282935467238
mark sears,2024,5' 10.25'',34.63,68.05367042556234,55.64163477846007,40.40328771913496
jamal shead,2024,6' 0.25'',38.6,46.1651919567024,71.4494694533762,58.624820744951705
reed sheppard,2024,6' 1.75'',35.22,69.58351270276847,64.59849508750818,69.73324255725694
kj simpson,2024,6' 0.25'',42.98,67.38061601279367,62.21689820973685,40.06098973572642
cam spencer,2024,6' 3.00'',41.93,71.48574311203288,60.89048059218511,42.84170555922295
nae'qwan tomlin,2024,6' 8.25'',63.24,54.9103754611542,27.17921934908017,52.377823200521085
jt toppin,2024,6' 7.00'',59.1,34.8836160069411,26.25241129106949,73.9116338159284
jaylon tyson,2024,6' 5.50'',47.42,53.53928472232133,48.36280877037362,41.24971497450525
ja'kobe walter,2024,6' 4.25'',55.64,53.34169166770795,35.47227226694042,35.37542589167343
kel'el ware,2024,6' 11.75'',64.51,47.70680941629372,34.918163439734066,57.50250320746672
jamir watkins,2024,6' 5.00'',58.09,,,
jaylen wells,2024,6' 6.50'',43.44,63.08753805278776,40.02303631189176,27.535791061130784
cody williams,2024,6' 6.50'',58.87,51.824930054622,35.659159645726675,37.60129178002752
tamar bates,2025,6' 3.75'',57.56,66.24677816099653,30.997831037277283,41.58154596876209
koby brea,2025,6' 5.75'',38.48,72.40536803751442,46.19719025682754,28.99618286434356
johni broome,2025,6' 9.25'',55.84,31.19907675586629,52.59632661087534,69.13461021774656
carter bryant,2025,6' 6.50'',57.36,50.225308635006485,36.9107686230964,66.12905395258025
miles byrd,2025,6' 4.75'',54.62,50.86497592781858,50.30244265945483,68.04423473792176
nique clifford,2025,6' 5.25'',47.68,,,
alex condon,2025,6' 11.25'',53.04,36.03968873728135,49.09866696620492,62.80864602171884
cedric coward,2025,6' 5.25'',64.41,61.70041133424695,54.7816533514587,54.76801851716972
egor demin,2025,6' 8.25'',49.47,40.05768228605847,66.71146137662858,44.55772074083151
eric dixon,2025,6' 7.50'',55.05,62.95070389252663,36.48151382636247,31.195936331547383
vj edgecombe,2025,6' 4.00'',48.75,50.86869162864945,51.94573693246916,57.45183488510104
jeremiah fears,2025,6' 2.50'',43.26,47.96557946553909,54.32516775453569,43.487644376715984
cooper flagg,2025,6' 7.75'',56.58,58.559174135121225,60.82235723566363,63.1885673133184
rasheer fleming,2025,6' 8.25'',68.38,54.92899643898326,32.872407993682764,64.43037023377047
vladislav goldin,2025,7' 0.00'',66.11,42.08734386732348,29.992677615632854,52.1864745218271
pj haggerty,2025,6' 2.25'',47.77,52.966563772999606,48.10629570656968,41.69564254416465
dylan harper,2025,6' 4.50'',56.54,48.887683572221206,56.15890377135589,46.14786025959263
kasparas jakucionis,2025,6' 4.75'',47.6,52.47476351213847,56.54500085705074,34.90811392396943
sion james,2025,6' 4.50'',43.94,57.78343623786166,59.3840314311306,37.37039642529416
kam jones,2025,6' 3.25'',44.61,41.51159158198984,69.79236997819993,40.40381637664452
ryan kalkbrenner,2025,7' 1.00'',66.45,41.41208314020588,34.889905631985826,64.11949785432847
karter knox,2025,6' 5.00'',55.28,52.139241941293776,33.396593133710425,38.22658432320372
kon knueppel,2025,6' 5.00'',43.34,67.76367424641822,51.98906499491275,34.82328424838361
chaz lanier,2025,6' 3.75'',53.35,60.164785337935584,32.84208156636828,30.898685233240684
yaxel lendeborg,2025,6' 8.50'',66.17,47.32446662649335,58.42297170344492,70.79332712361412
khaman maluach,2025,7' 0.75'',69.21,33.51679282845522,26.39364744407393,54.08978915440312
alijah martin,2025,6' 1.50'',51.67,52.92430750789253,45.827355158082256,43.52942148347865
liam mcneeley,2025,6' 6.75'',46.35,53.826765047490525,42.79513075650613,28.56555781109449
mackenzie mgbako,2025,6' 7.50'',50.96,52.45875285647905,33.96548373670336,31.937823308359388
jalon moore,2025,6' 6.25'',53.86,57.769866056460025,24.827724315643398,34.41070094669936
collin murray-boyles,2025,6' 6.50'',60.22,34.48527805973376,42.4995446614813,63.84299044415678
grant nelson,2025,6' 10.00'',53.35,,,
ryan nembhard,2025,5' 11.00'',36.97,54.65071840673866,77.19979487179488,40.012107041997325
asa newell,2025,6' 9.00'',52.99,41.41723323266063,29.764738002297836,51.812477015430446
yanic konan niederhauser,2025,6' 11.25'',61.05,28.02980868828547,28.002265566014582,73.62821265243285
otega oweh,2025,6' 4.25'',51.08,49.19440961423975,39.80805026717617,53.1215600968168
micah peavy,2025,6' 6.25'',43.11,50.03015500625919,49.43544673039238,53.69178669754783
tahaad pettiford,2025,6' 0.25'',46.71,57.79385942416821,59.00092615074938,38.56662781562654
labaron philon,2025,6' 2.75'',46.52,46.951590137012815,64.26994362295932,49.79189812492772
drake powell,2025,6' 5.25'',59.26,46.59366703058047,39.3349623609839,42.620684273375645
tyrese proctor,2025,6' 4.25'',46.69,55.05161788708166,49.501456364696566,29.56838343457301
derik queen,2025,6' 9.25'',56.28,35.038842318656336,36.82357542696152,54.62123189818612
maxime raynaud,2025,7' 0.25'',53.27,51.89060771652494,33.270143424430806,53.12311211553264
jase richardson,2025,6' 0.50'',49.53,61.85043736486341,51.46070283926738,36.902467278959634
will riley,2025,6' 8.25'',44.7,46.61093365114919,50.62975657117372,27.25613600350084
hunter sallis,2025,6' 3.75'',55.26,44.75565436933834,43.74262919138391,39.08142997443738
kobe sanders,2025,6' 7.00'',45.54,50.485684027248695,63.74908229875126,37.11115934867917
mark sears,2025,5' 10.75'',34.63,,,
max shulga,2025,6' 4.25'',41.86,57.46203387746802,60.269122000774686,45.1400021835745
javon small,2025,6' 1.00'',43.84,60.25357299537584,63.74247526605981,39.81832357338617
john tonje,2025,6' 4.75'',52.41,65.76066861315716,38.293280569005645,30.290384420129456
milos uzan,2025,6' 3.25'',40.79,60.381516904706885,64.42563193313345,30.36546746829951
jamir watkins,2025,6' 5.00'',58.09,47.71731588200672,41.055374326268826,43.75247083840227
brice williams,2025,6' 5.25'',56.85,60.6746164856207,45.51844017952837,35.485605740570435
darrion williams,2025,6' 4.50'',45.63,53.71729748729887,57.59996583916749,44.56672629383037
danny wolf,2025,6' 10.50'',59.24,38.45145215073032,51.16724502237193,53.25237355376403
